{"cameraMode":{"drawMode":0,"name":"Shaded","section":"Shading Mode"},"sceneLighting":false,"audioPlay":false,"sceneViewState":{"showFog":true,"showMaterialUpdate":false,"showSkybox":false,"showFlares":true,"showImageEffects":true,"showParticleSystems":true},"in2DMode":false,"pivot":{"x":-0.023920536041259767,"y":1.5119963884353638,"z":-0.7605772018432617},"rotation":{"x":0.0029874490574002268,"y":-0.09137199819087982,"z":0.00027411425253376365,"w":0.995812714099884},"size":2.6148295402526857,"orthographic":true}